,Date,Reliability,Level,Air temperature,Battery Level,Distance,48h min level
0,13/04/2021 (12:56),/!\ Mid,5.11305,14,86,177.88695,5.11305
1,13/04/2021 (00:56),/!\ Mid,6.328880000000001,7,86,176.67112,6.328880000000001
2,12/04/2021 (12:56),/!\ Mid,6.717810000000001,9,86,176.28218999999999,6.42088
3,12/04/2021 (00:56),High,19.48109,10,86,163.51891,5.4476
4,11/04/2021 (12:55),High,6.42088,11,86,176.57912,5.4476
5,11/04/2021 (00:55),High,7.01854,8,86,175.98146,5.4476
6,10/04/2021 (12:55),High,5.4476,13,86,177.5524,5.4476
7,10/04/2021 (00:55),/!\ Mid,6.501530000000001,10,86,176.49847,5.56639
8,09/04/2021 (12:55),/!\ Mid,6.27911,13,86,176.72089,5.56639
9,09/04/2021 (00:54),/!\ Mid,7.2064,9,86,175.7936,5.56639
10,08/04/2021 (12:54),High,5.56639,13,86,177.43361000000002,5.56639
11,08/04/2021 (00:54),High,7.117889999999999,7,86,175.88211,6.20106
12,07/04/2021 (12:54),High,6.8357399999999995,9,86,176.16426,6.20106
13,07/04/2021 (00:54),High,6.49675,7,87,176.50325,3.93194
14,06/04/2021 (12:54),High,6.20106,11,87,176.79894,3.93194
15,05/04/2021 (12:53),High,3.93194,16,87,179.06806,2.64423
16,05/04/2021 (00:53),High,5.34167,12,87,177.65833,2.64423
17,04/04/2021 (12:53),High,2.64423,18,87,180.35577,2.64423
18,04/04/2021 (00:53),High,4.53505,14,87,178.46495,2.95241
19,03/04/2021 (12:53),High,3.57367,16,87,179.42633,2.95241
20,03/04/2021 (00:53),High,4.73186,12,87,178.26814,2.2290200000000002
21,02/04/2021 (12:53),High,2.95241,18,87,180.04758999999999,2.2290200000000002
22,02/04/2021 (00:53),High,5.52471,11,87,177.47529,2.2290200000000002
23,01/04/2021 (12:52),High,2.2290200000000002,17,87,180.77098,2.2290200000000002
24,01/04/2021 (00:52),High,5.33871,11,87,177.66128999999998,2.53297
25,31/03/2021 (12:52),High,2.53297,16,87,180.46703,2.53297
26,31/03/2021 (00:52),High,5.05126,11,87,177.94874,2.92214
27,30/03/2021 (12:52),High,3.13484,17,87,179.86516,2.92214
28,30/03/2021 (00:51),High,5.37067,10,87,177.62933,0.0
29,29/03/2021 (12:51),High,2.92214,15,87,180.07786000000002,0.0
30,29/03/2021 (00:51),High,4.7124,10,87,178.2876,0.0
31,28/03/2021 (12:51),High,0.0,15,87,188.83141,0.0
32,27/03/2021 (23:51),High,5.4542,9,87,177.5458,5.4542
33,27/03/2021 (11:51),High,6.10393,12,87,176.89607,6.10393
34,26/03/2021 (23:51),High,7.0465100000000005,11,87,175.95349,6.41486
35,26/03/2021 (11:50),High,6.41486,13,87,176.58514,6.41486
36,25/03/2021 (23:50),High,6.88973,10,87,176.11026999999999,6.22251
37,25/03/2021 (11:50),High,6.73068,12,87,176.26932,6.22251
38,24/03/2021 (23:50),High,7.336119999999999,7,87,175.66388,6.10941
39,24/03/2021 (11:50),High,6.22251,12,87,176.77749,6.10941
40,23/03/2021 (23:50),High,7.03792,9,87,175.96208000000001,6.10941
41,23/03/2021 (11:50),High,6.10941,13,87,176.89059,6.10941
42,22/03/2021 (23:50),High,7.15308,8,87,175.84691999999998,6.42088
43,22/03/2021 (11:49),High,6.42088,11,87,176.57912,6.42088
44,21/03/2021 (23:49),High,7.035360000000001,8,87,175.96464,7.004230000000001
45,21/03/2021 (11:49),High,7.004230000000001,9,87,175.99577,7.004230000000001
46,20/03/2021 (23:49),High,7.4694899999999995,5,87,175.53051000000002,7.318560000000001
47,20/03/2021 (11:49),High,7.37488,9,87,175.62511999999998,7.318560000000001
48,19/03/2021 (23:48),High,7.318560000000001,6,87,175.68143999999998,6.573060000000001
49,19/03/2021 (11:48),High,7.80617,7,87,175.19383,6.573060000000001
50,18/03/2021 (23:48),High,7.341189999999999,9,87,175.65881000000002,5.22035
51,18/03/2021 (11:48),High,6.573060000000001,11,87,176.42694,5.22035
52,17/03/2021 (23:48),High,6.699,8,87,176.301,5.22035
53,17/03/2021 (11:48),High,5.22035,11,87,177.77965,5.22035
54,16/03/2021 (23:48),High,7.5433699999999995,9,87,175.45663000000002,6.40025
55,16/03/2021 (11:47),High,6.69142,11,87,176.30858,6.40025
56,15/03/2021 (11:47),High,6.40025,10,87,176.59975,6.40025
57,14/03/2021 (23:47),High,6.5324800000000005,9,87,176.46752,6.5324800000000005
58,14/03/2021 (11:47),High,7.0465100000000005,11,87,175.95349,7.0465100000000005
59,13/03/2021 (23:47),High,7.412960000000001,10,87,175.58704,6.8662
60,13/03/2021 (11:47),High,7.2663199999999994,11,87,175.73368,6.8662
61,12/03/2021 (23:47),High,7.6661399999999995,10,87,175.33386000000002,5.65998
62,12/03/2021 (11:46),High,6.8662,12,87,176.1338,5.65998
63,11/03/2021 (23:46),High,7.36233,10,87,175.63766999999999,5.65998
64,11/03/2021 (11:46),High,5.65998,11,87,177.34001999999998,5.65998
65,10/03/2021 (23:46),High,6.530819999999999,8,87,176.46918,5.84326
66,10/03/2021 (11:45),High,5.84326,10,87,177.15673999999999,5.84326
67,09/03/2021 (23:45),High,6.699,8,87,176.301,6.699
68,09/03/2021 (11:45),High,6.72095,10,87,176.27905,6.72095
69,08/03/2021 (23:45),High,7.5433699999999995,9,87,175.45663000000002,6.70833
70,08/03/2021 (11:45),High,6.725239999999999,11,87,176.27476000000001,6.70833
71,07/03/2021 (23:45),High,6.85597,10,87,176.14403000000001,5.40635
72,07/03/2021 (11:45),High,6.70833,11,87,176.29166999999998,5.33626
73,06/03/2021 (23:45),High,6.717810000000001,9,87,176.28218999999999,5.33626
74,06/03/2021 (11:44),/!\ Mid,5.40635,11,87,177.59365,5.33626
75,05/03/2021 (23:44),/!\ Mid,5.33626,9,87,177.66374,5.33626
76,05/03/2021 (11:44),High,6.21459,10,87,176.78541,5.68993
77,04/03/2021 (23:44),/!\ Mid,5.68993,8,87,177.31007,5.68993
78,04/03/2021 (11:44),/!\ Mid,6.73782,10,88,176.26218,6.73782
79,03/03/2021 (23:44),High,7.16825,7,88,175.83175,6.816730000000001
80,03/03/2021 (11:44),/!\ Mid,7.004230000000001,9,88,175.99577,6.816730000000001
81,02/03/2021 (23:43),/!\ Mid,6.816730000000001,8,88,176.18327,6.816730000000001
82,02/03/2021 (11:43),/!\ Mid,7.36233,10,88,175.63766999999999,7.36233
83,01/03/2021 (23:43),/!\ Low,7.8971800000000005,9,88,175.10282,7.249410000000001
84,01/03/2021 (11:43),/!\ Low,7.38468,11,88,175.61532,7.22325
85,28/02/2021 (23:43),/!\ Low,7.52307,8,88,175.47693,7.22325
86,28/02/2021 (11:42),/!\ Low,7.249410000000001,11,88,175.75059,7.15308
87,27/02/2021 (23:42),/!\ Low,7.22325,9,88,175.77675,7.15308
88,27/02/2021 (11:42),/!\ Low,7.36233,10,88,175.63766999999999,7.15308
89,26/02/2021 (23:42),/!\ Low,7.15308,8,88,175.84691999999998,6.42088
90,26/02/2021 (11:42),/!\ Low,7.37488,9,88,175.62511999999998,6.42088
91,25/02/2021 (11:42),/!\ Low,6.42088,11,88,176.57912,6.42088
92,24/02/2021 (23:42),/!\ Low,7.2273,10,88,175.7727,6.74215
93,24/02/2021 (11:41),/!\ Low,6.74215,11,88,176.25785,6.61211
94,23/02/2021 (23:41),/!\ Low,7.05852,10,88,175.94148,6.29608
95,23/02/2021 (11:41),/!\ Low,6.950889999999999,12,88,176.04911,0.0
96,22/02/2021 (23:41),/!\ Low,6.61211,12,88,176.38789,0.0
97,22/02/2021 (11:41),/!\ Low,6.29608,13,88,176.70391999999998,0.0
98,21/02/2021 (23:40),/!\ Low,0.0,13,88,183.37296,0.0
99,21/02/2021 (11:40),/!\ Low,5.006390000000001,13,88,177.99361000000002,5.006390000000001
100,20/02/2021 (23:40),/!\ Low,6.5184,10,88,176.4816,6.5184
101,20/02/2021 (11:40),/!\ Low,6.74215,11,88,176.25785,6.687189999999999
102,19/02/2021 (23:40),/!\ Low,6.687189999999999,10,88,176.31281,6.687189999999999
103,18/02/2021 (23:40),/!\ Low,7.02107,9,88,175.97893,6.11038
104,17/02/2021 (23:39),/!\ Low,151.20457,7,88,31.79543,6.009469999999999
105,17/02/2021 (11:39),/!\ Low,6.11038,8,88,176.88962,6.009469999999999
106,16/02/2021 (23:39),/!\ Low,6.009469999999999,8,88,176.99053,6.009469999999999
107,16/02/2021 (11:39),/!\ Low,151.22136,7,88,31.778640000000003,151.22136
108,15/02/2021 (23:39),/!\ Low,151.42962,6,88,31.57038,7.48613
109,14/02/2021 (23:39),/!\ Low,151.41287,6,88,31.58713,7.48613
110,14/02/2021 (11:38),/!\ Low,7.48613,6,88,175.51387,7.48613
111,13/02/2021 (23:38),/!\ Low,151.54692,6,88,31.45308,151.28851
112,13/02/2021 (11:38),/!\ Low,151.3626,6,88,31.6374,151.28851
113,12/02/2021 (23:38),/!\ Low,151.28851,7,88,31.71149,7.16825
114,11/02/2021 (23:37),/!\ Low,151.3626,6,88,31.6374,6.91644
115,11/02/2021 (11:37),/!\ Mid,7.16825,7,88,175.83175,6.91644
116,10/02/2021 (23:37),/!\ Mid,6.91644,7,88,176.08356,6.91644
117,10/02/2021 (11:37),/!\ Mid,7.47042,7,88,175.52958,7.0547699999999995
118,09/02/2021 (23:37),/!\ Mid,7.0547699999999995,9,88,175.94523,7.0547699999999995
119,09/02/2021 (11:37),/!\ Mid,7.25219,7,88,175.74781000000002,6.849289999999999
120,08/02/2021 (23:37),/!\ Low,85.56564,7,88,97.43436,6.530819999999999
121,08/02/2021 (11:36),/!\ Mid,7.13467,7,88,175.86533,6.530819999999999
122,07/02/2021 (23:36),/!\ Mid,6.849289999999999,7,88,176.15071,5.96304
123,07/02/2021 (11:36),/!\ Mid,6.530819999999999,8,88,176.46918,5.96304
124,06/02/2021 (23:36),/!\ Low,7.27274,12,88,175.72726,5.96304
125,06/02/2021 (11:36),/!\ Low,5.96304,14,88,177.03696000000002,5.96304
126,05/02/2021 (23:36),/!\ Low,6.71375,12,88,176.28625,6.42088
127,05/02/2021 (11:36),/!\ Low,6.42088,11,88,176.57912,6.42088
128,04/02/2021 (23:36),/!\ Low,7.0547699999999995,9,88,175.94523,6.687189999999999
129,04/02/2021 (11:35),/!\ Low,6.687189999999999,10,88,176.31281,6.364
130,03/02/2021 (23:35),/!\ Low,7.1699,8,88,175.8301,5.87702
131,02/02/2021 (23:35),/!\ Low,6.364,9,88,176.636,5.87702
132,02/02/2021 (11:34),/!\ Low,5.87702,10,88,177.12298,5.87702
133,01/02/2021 (23:34),/!\ Low,6.364,9,88,176.636,6.364
134,01/02/2021 (11:34),/!\ Low,7.29064,9,88,175.70936,6.682180000000001
135,31/01/2021 (23:34),/!\ Low,6.682180000000001,8,88,176.31781999999998,6.682180000000001
136,31/01/2021 (11:34),/!\ Low,151.22136,7,88,31.778640000000003,7.18955
137,30/01/2021 (23:34),/!\ Low,151.3626,6,88,31.6374,6.9910000000000005
138,30/01/2021 (11:34),/!\ Low,7.29064,9,89,175.70936,6.9910000000000005
139,29/01/2021 (23:34),/!\ Low,7.18955,9,89,175.81045,6.0458099999999995
140,29/01/2021 (11:33),/!\ Low,6.9910000000000005,10,89,176.00900000000001,6.0458099999999995
141,28/01/2021 (23:33),,7.50626,8,89,175.49374,6.0458099999999995
142,28/01/2021 (11:33),,6.0458099999999995,10,89,176.95418999999998,6.0458099999999995
143,27/01/2021 (23:33),,7.185039999999999,7,89,175.81496,7.185039999999999
144,27/01/2021 (11:33),,151.27881000000002,6,89,31.721190000000004,6.766960000000001
145,26/01/2021 (23:32),,151.33626,5,89,31.66374,6.766960000000001
146,26/01/2021 (11:32),,151.22675,4,89,31.77325,6.58069
147,25/01/2021 (23:32),,6.766960000000001,5,89,176.23304,6.58069
148,25/01/2021 (11:32),,7.0171600000000005,7,89,175.98283999999998,6.58069
149,24/01/2021 (23:32),,6.58069,7,89,176.41931,6.58069
150,24/01/2021 (11:32),,151.4199,5,89,31.5801,151.30528999999999
151,23/01/2021 (23:32),,151.30528999999999,7,89,31.694709999999997,6.20106
152,23/01/2021 (11:31),,151.4199,5,89,31.5801,6.20106
153,22/01/2021 (23:31),,151.78788,5,89,31.212120000000002,6.20106
154,22/01/2021 (11:31),,6.20106,11,89,176.79894,6.20106
155,21/01/2021 (23:31),,6.70096,9,89,176.29904,6.48465
156,21/01/2021 (11:31),/!\ Low,6.48465,10,89,176.51535,6.48465
157,20/01/2021 (23:31),/!\ Low,7.84663,9,89,175.15337,7.37488
158,20/01/2021 (11:31),/!\ Low,7.37488,9,89,175.62511999999998,7.37488
159,19/01/2021 (23:31),/!\ Low,7.69125,8,89,175.30875,7.69125
160,19/01/2021 (11:30),/!\ Low,151.37702,4,89,31.62298,151.15227
161,18/01/2021 (23:30),/!\ Low,151.86121,4,89,31.138790000000004,151.15227
162,18/01/2021 (11:30),/!\ Low,151.4772,4,89,31.5228,8.45646
163,17/01/2021 (23:30),/!\ Low,151.15227,5,89,31.84773,8.45646
164,17/01/2021 (11:29),/!\ Low,151.4868,5,89,31.5132,8.45646
165,16/01/2021 (23:29),/!\ Low,8.45646,3,89,174.54353999999998,8.45646
166,16/01/2021 (11:29),/!\ Low,151.14327,4,89,31.85673,150.98633
167,15/01/2021 (23:29),/!\ Low,151.4605,4,89,31.5395,150.98633
168,15/01/2021 (11:29),,150.98633,7,89,32.01367,150.98633
169,14/01/2021 (23:29),,151.37243999999998,7,89,31.62756,151.30528999999999
170,14/01/2021 (11:29),,151.30528999999999,7,89,31.694709999999997,7.888160000000001
171,13/01/2021 (23:29),,151.3626,6,89,31.6374,7.888160000000001
172,13/01/2021 (11:28),,151.30528999999999,7,89,31.694709999999997,7.888160000000001
173,12/01/2021 (23:28),,7.888160000000001,4,89,175.11184,7.888160000000001
174,12/01/2021 (11:28),,8.2087,2,89,174.7913,7.12317
175,11/01/2021 (23:28),,8.017719999999999,0,89,174.98228,4.5399400000000005
176,11/01/2021 (11:28),,7.89262,2,89,175.10738,4.5399400000000005
177,10/01/2021 (23:28),,7.12317,3,89,175.87683,4.5399400000000005
178,10/01/2021 (11:28),,4.5399400000000005,3,89,178.46006,4.5399400000000005
179,09/01/2021 (23:27),,151.14327,4,89,31.85673,8.05898
180,09/01/2021 (11:27),,151.4199,5,89,31.5801,7.55991
181,08/01/2021 (23:27),,151.05979,4,89,31.940209999999997,7.55991
182,08/01/2021 (11:27),,8.05898,2,89,174.94102,7.55991
183,07/01/2021 (23:27),,7.55991,2,89,175.44009,7.55991
184,07/01/2021 (11:26),,8.31607,0,89,174.68393,7.71393
185,06/01/2021 (23:26),,8.084019999999999,0,89,174.91598,7.36028
186,06/01/2021 (11:26),,7.71393,1,89,175.28607,7.36028
187,05/01/2021 (23:26),,8.33265,0,89,174.66735,7.36028
188,05/01/2021 (11:26),,7.36028,2,89,175.63971999999998,7.2565
189,04/01/2021 (23:26),,7.5266399999999996,2,89,175.47336,7.2565
190,04/01/2021 (11:26),,7.556489999999999,3,89,175.44351,7.2565
191,03/01/2021 (23:26),,7.2565,3,89,175.7435,7.2565
192,03/01/2021 (11:25),,7.53983,3,89,175.46017,7.53983
193,02/01/2021 (23:25),,7.78982,3,89,175.21018,7.78982
194,02/01/2021 (11:25),,43.05518,3,89,139.94482,43.05518
195,01/01/2021 (23:25),,151.54398,4,89,31.456020000000002,8.57312
196,31/12/2020 (11:24),,8.57312,3,89,174.42688,
197,30/12/2020 (23:24),,151.4199,5,89,31.5801,
198,30/12/2020 (11:24),,151.4772,4,89,31.5228,
199,29/12/2020 (23:24),,151.17666,4,89,31.82334,
200,29/12/2020 (11:24),,7.921819999999999,6,89,175.07818,
201,28/12/2020 (23:24),,151.30528999999999,7,89,31.694709999999997,
202,28/12/2020 (11:23),,2.65242,7,90,180.34758,
203,27/12/2020 (23:23),,6.48037,8,90,176.51963,
204,27/12/2020 (11:23),,151.5345,3,90,31.4655,
205,26/12/2020 (23:23),,8.68978,3,90,174.31022,
206,26/12/2020 (11:23),,151.33626,5,90,31.66374,
207,25/12/2020 (23:22),,151.4868,5,90,31.5132,
208,25/12/2020 (11:22),,151.11123999999998,6,90,31.888759999999998,
209,24/12/2020 (23:22),,2.73636,7,90,180.26363999999998,
210,24/12/2020 (11:22),,7.99397,8,90,175.00603,
211,23/12/2020 (23:22),,7.6661399999999995,10,90,175.33386000000002,
212,23/12/2020 (11:22),,2.60259,10,90,180.39741,
213,22/12/2020 (23:22),,6.97053,9,90,176.02947,
214,22/12/2020 (11:21),,5.45449,8,90,177.54551,
215,21/12/2020 (23:21),,4.847659999999999,9,90,178.15233999999998,
216,21/12/2020 (11:21),,5.48789,9,90,177.51211,
217,20/12/2020 (11:21),,7.56071,12,90,175.43929,
218,19/12/2020 (23:21),,4.81454,11,90,178.18546,
219,19/12/2020 (11:21),,7.58759,11,90,175.41241000000002,
220,18/12/2020 (23:21),,7.9024399999999995,10,90,175.09756000000002,
221,18/12/2020 (11:20),,4.73186,12,90,178.26814,
222,17/12/2020 (23:20),,6.20106,11,90,176.79894,
223,17/12/2020 (11:20),,6.10393,12,90,176.89607,
224,16/12/2020 (23:20),,5.55633,10,90,177.44367,
225,16/12/2020 (11:19),,4.867369999999999,12,90,178.13263,
226,15/12/2020 (23:19),,7.9024399999999995,10,90,175.09756000000002,
227,15/12/2020 (11:19),,7.2156,11,90,175.7844,
228,14/12/2020 (23:19),,6.8357399999999995,9,90,176.16426,
229,14/12/2020 (11:19),,6.6814100000000005,7,90,176.31859,
230,13/12/2020 (23:19),,151.4199,5,90,31.5801,
231,13/12/2020 (11:19),,7.28505,6,90,175.71495,
232,12/12/2020 (23:19),,151.16898999999998,5,90,31.83101,
233,12/12/2020 (11:18),,151.76477,6,90,31.235229999999998,
234,11/12/2020 (23:18),,151.42962,6,90,31.57038,
235,11/12/2020 (11:18),,75.22955,5,90,107.77045,
236,10/12/2020 (23:18),,8.20647,3,90,174.79353,
237,10/12/2020 (11:18),,7.95494,4,90,175.04506,
238,09/12/2020 (23:18),,8.47253,4,90,174.52747,
239,09/12/2020 (11:18),,151.22675,4,90,31.77325,
240,08/12/2020 (23:18),,151.89461,4,90,31.105390000000003,
241,08/12/2020 (11:17),,151.76477,6,90,31.235229999999998,
242,07/12/2020 (23:17),,151.44638,6,90,31.553620000000002,
243,07/12/2020 (11:17),,151.4199,5,90,31.5801,
244,06/12/2020 (23:17),,151.4199,5,90,31.5801,
245,06/12/2020 (11:16),,151.4199,5,90,31.5801,
246,05/12/2020 (23:16),,151.4772,4,90,31.5228,
247,05/12/2020 (11:16),,151.4199,5,90,31.5801,
248,04/12/2020 (23:16),,151.45335,5,90,31.54665,
249,04/12/2020 (11:16),,7.139010000000001,9,90,175.86099,
250,03/12/2020 (23:16),,7.285760000000001,7,90,175.71424,
251,03/12/2020 (11:16),,151.3626,6,90,31.6374,
252,02/12/2020 (23:16),,151.4199,5,90,31.5801,
253,02/12/2020 (11:15),,151.35566,7,90,31.644340000000003,
254,01/12/2020 (23:15),,7.93858,6,90,175.06142,
255,01/12/2020 (11:15),,8.44409,7,90,174.55591,
256,30/11/2020 (23:15),,7.01854,8,90,175.98146,
257,30/11/2020 (11:14),,7.8971800000000005,9,90,175.10282,
258,29/11/2020 (23:14),,7.67444,8,90,175.32556,
259,29/11/2020 (11:14),,6.573060000000001,11,90,176.42694,
260,28/11/2020 (23:14),,5.617290000000001,13,90,177.38271,
261,28/11/2020 (11:14),,6.26904,14,90,176.73096,
262,27/11/2020 (23:14),,7.40825,12,90,175.59175,
263,27/11/2020 (11:14),,7.3991,13,90,175.6009,
264,26/11/2020 (23:14),,7.58759,11,90,175.41241000000002,
265,26/11/2020 (11:13),,4.1898,12,90,178.8102,
266,25/11/2020 (23:13),,6.74215,11,90,176.25785,
267,25/11/2020 (11:13),,6.687189999999999,10,90,176.31281,
268,24/11/2020 (23:13),,6.85036,8,91,176.14963999999998,
269,24/11/2020 (11:13),,6.88629,9,91,176.11371,
270,23/11/2020 (23:13),,7.16775,6,91,175.83225,
271,23/11/2020 (11:13),,7.15308,8,91,175.84691999999998,
272,22/11/2020 (23:13),,6.968089999999999,8,91,176.03191,
273,22/11/2020 (11:12),,7.75581,7,91,175.24419,
274,21/11/2020 (23:12),,6.63105,7,91,176.36895,
275,21/11/2020 (11:12),,7.8971800000000005,9,91,175.10282,
276,20/11/2020 (23:12),,6.88629,9,91,176.11371,
277,20/11/2020 (11:11),,8.03196,9,91,174.96804,
278,19/11/2020 (23:11),,5.97829,10,91,177.02171,
279,19/11/2020 (11:11),,6.501530000000001,10,91,176.49847,
280,18/11/2020 (23:11),,7.22325,9,91,175.77675,
281,18/11/2020 (11:11),,7.36233,10,91,175.63766999999999,
282,17/11/2020 (23:11),,7.024760000000001,10,91,175.97523999999999,
283,17/11/2020 (11:11),,7.0465100000000005,11,91,175.95349,
284,16/11/2020 (23:11),,5.55633,10,91,177.44367,
285,15/11/2020 (23:10),,5.94604,14,91,177.05396000000002,
286,15/11/2020 (11:10),,5.79304,14,91,177.20696,
287,14/11/2020 (23:10),,6.10941,13,91,176.89059,
288,13/11/2020 (23:10),,6.41486,13,91,176.58514,
289,13/11/2020 (11:10),,6.09244,13,91,176.90756000000002,
290,12/11/2020 (23:10),,6.29608,13,91,176.70391999999998,
291,11/11/2020 (23:09),,4.51165,12,91,178.48835,
292,11/11/2020 (11:09),,6.18863,12,91,176.81136999999998,
293,10/11/2020 (23:09),,3.02095,13,91,179.97905,
294,10/11/2020 (11:08),,3.37731,13,91,179.62268999999998,
295,09/11/2020 (23:08),,5.685169999999999,13,91,177.31483,
296,09/11/2020 (11:08),,5.79304,14,91,177.20696,
297,08/11/2020 (23:08),,5.6230400000000005,14,91,177.37696,
298,08/11/2020 (11:08),,6.32819,15,91,176.67181000000002,
299,07/11/2020 (23:08),,7.49303,14,91,175.50697,
300,07/11/2020 (11:08),,4.61437,16,91,178.38563,
301,06/11/2020 (23:08),,5.40204,14,91,177.59796,
302,06/11/2020 (11:07),,6.42204,14,91,176.57796000000002,
303,05/11/2020 (23:07),,6.03618,12,91,176.96382,
304,05/11/2020 (11:07),,6.7203100000000004,13,91,176.27969,
305,04/11/2020 (23:07),,6.041530000000001,13,91,176.95847,
306,04/11/2020 (11:07),,6.56129,12,91,176.43871000000001,
307,03/11/2020 (23:07),,6.5782300000000005,12,91,176.42177,
308,03/11/2020 (11:07),,6.63473,15,91,176.36527,
309,02/11/2020 (23:07),,7.40803,14,91,175.59197,
310,02/11/2020 (11:06),,6.584560000000001,13,91,176.41544,
311,01/11/2020 (23:06),,6.25179,11,91,176.74821,
312,01/11/2020 (11:06),,6.0990400000000005,14,91,176.90096,
313,31/10/2020 (11:05),,6.41486,13,91,176.58514,
314,30/10/2020 (23:05),,5.60032,13,91,177.39968000000002,
315,30/10/2020 (11:05),,6.12638,13,91,176.87362,
316,29/10/2020 (23:05),,5.94604,14,91,177.05396000000002,
317,29/10/2020 (11:05),,6.643039999999999,14,91,176.35696000000002,
318,27/10/2020 (23:05),,6.73068,12,91,176.26932,
319,27/10/2020 (11:04),,7.05852,10,91,175.94148,
320,26/10/2020 (23:04),,6.82222,10,91,176.17778,
321,26/10/2020 (11:04),,5.57544,11,91,177.42456,
322,25/10/2020 (23:04),,7.02643,15,91,175.97357,
323,25/10/2020 (11:04),,9.425460000000001,16,91,173.57453999999998,
324,25/10/2020 (00:04),,4.4973,13,91,178.5027,
325,24/10/2020 (12:04),,10.34902,14,91,172.65098,
326,24/10/2020 (00:04),,8.07767,16,91,174.92233000000002,
327,23/10/2020 (12:03),,9.425460000000001,16,91,173.57453999999998,
328,23/10/2020 (00:03),,6.770460000000001,18,92,176.22954,
329,22/10/2020 (12:03),,10.143360000000001,18,92,172.85664,
330,22/10/2020 (00:03),,7.52722,17,92,175.47278,
331,21/10/2020 (12:02),,10.82577,17,92,172.17423,
332,21/10/2020 (00:02),,7.2550300000000005,14,92,175.74497,
333,20/10/2020 (12:02),,6.0990400000000005,14,92,176.90096,
334,20/10/2020 (00:02),,6.10941,13,92,176.89059,
335,19/10/2020 (00:03),,7.9024399999999995,10,92,175.09756000000002,
336,18/10/2020 (12:03),,7.58759,11,92,175.41241000000002,
337,18/10/2020 (00:03),,7.4185,11,92,175.5815,
338,17/10/2020 (12:01),,7.75668,11,92,175.24331999999998,
339,17/10/2020 (11:01),,7.91932,10,92,175.08068,
340,17/10/2020 (10:01),,7.4973600000000005,10,92,175.50263999999999,
341,17/10/2020 (09:01),,6.8189,9,92,176.1811,
342,17/10/2020 (08:01),,8.195789999999999,8,92,174.80421,
343,17/10/2020 (07:01),,8.35208,9,92,174.64792,
344,17/10/2020 (06:01),,7.5433699999999995,9,92,175.45663000000002,
345,17/10/2020 (05:01),,7.9024399999999995,10,92,175.09756000000002,
346,17/10/2020 (04:01),,6.97412,10,92,176.02588,
347,17/10/2020 (03:01),,7.6661399999999995,10,92,175.33386000000002,
348,17/10/2020 (00:01),,7.27274,12,92,175.72726,
349,16/10/2020 (22:01),,7.40825,12,92,175.59175,
350,16/10/2020 (19:01),,7.2633399999999995,13,92,175.73666,
351,16/10/2020 (18:01),,7.085030000000001,14,92,175.91496999999998,
352,16/10/2020 (16:01),,6.949039999999999,14,92,176.05096,
353,16/10/2020 (15:01),,1.26334,13,92,175.73666,
354,16/10/2020 (14:01),,1.26334,13,92,175.73666,
355,16/10/2020 (12:01),,1.54377,12,92,175.45623,
356,16/10/2020 (11:01),,1.43541,11,92,175.56458999999998,
357,16/10/2020 (10:01),,1.85181,10,92,175.14819,
358,16/10/2020 (09:01),,1.43541,11,92,175.56458999999998,
359,16/10/2020 (06:01),,1.5368600000000001,11,92,175.46313999999998,
360,16/10/2020 (04:01),,1.9024400000000001,10,92,175.09756000000002,
361,16/10/2020 (03:01),,1.6661400000000002,10,92,175.33386000000002,
362,16/10/2020 (02:01),,2.07123,10,92,174.92877,
363,16/10/2020 (01:01),,2.07123,10,92,174.92877,
364,16/10/2020 (00:01),,1.9024400000000001,10,92,175.09756000000002,
365,15/10/2020 (23:01),,1.75053,10,92,175.24947,
366,15/10/2020 (22:01),,1.43541,11,92,175.56458999999998,
367,15/10/2020 (21:01),,1.36778,11,92,175.63222,
368,15/10/2020 (19:01),,1.0126899999999999,11,92,175.98731,
369,15/10/2020 (18:01),,0.8662,12,92,176.1338,
370,15/10/2020 (17:01),,0.95089,12,92,176.04911,
371,15/10/2020 (15:01),,0.63547,13,92,176.36453,
372,15/10/2020 (12:01),,0.0,11,92,179.7918,
373,15/10/2020 (11:01),,0.5184,10,92,176.4816,
374,15/10/2020 (07:01),,0.0,11,92,179.7918,
375,15/10/2020 (06:01),,0.0,10,92,177.12298,
376,15/10/2020 (05:01),,0.0,10,92,179.63788,
377,15/10/2020 (04:01),,0.33274000000000004,10,92,176.66726,
378,15/10/2020 (03:01),,0.0,11,92,179.0309,
379,15/10/2020 (01:01),,0.0,11,92,178.86182,
380,15/10/2020 (00:01),,0.0,12,92,179.5047,
381,14/10/2020 (23:01),,0.0,12,92,178.94571000000002,
382,14/10/2020 (22:01),,0.0,12,92,179.77573,
383,14/10/2020 (21:01),,0.0,13,92,179.6736,
384,14/10/2020 (19:01),,0.0,13,92,179.58875,
385,14/10/2020 (18:01),,0.0,14,92,179.80794,
386,14/10/2020 (16:01),,0.0,14,92,179.75694,
387,14/10/2020 (14:01),,0.0,14,92,180.01193999999998,
388,14/10/2020 (13:01),,0.0,13,92,179.52087,
389,14/10/2020 (12:01),,0.0,13,92,179.77541000000002,
390,14/10/2020 (10:01),,0.0,11,92,179.33526,
391,14/10/2020 (03:01),,0.0,12,92,178.96265,
392,14/10/2020 (02:01),,0.0,12,92,179.99594,
393,14/10/2020 (01:01),,0.0,12,92,179.26755,
394,13/10/2020 (23:01),,0.0,13,92,180.94631,
395,13/10/2020 (22:01),,0.24516999999999997,13,92,176.75483,
396,13/10/2020 (21:01),,0.0,13,92,180.26753,
397,13/10/2020 (20:01),,0.0,13,92,179.58875,
398,13/10/2020 (19:01),,0.0,13,92,180.26753,
399,13/10/2020 (18:01),,0.0,13,92,179.60572,
400,13/10/2020 (17:01),,0.0,13,92,180.2845,
401,13/10/2020 (16:01),,0.0,14,92,180.16494,
402,13/10/2020 (15:01),,0.0,13,92,179.58875,
403,13/10/2020 (14:01),,0.0,13,92,179.63966000000002,
404,13/10/2020 (13:01),,0.27333,12,92,176.72666999999998,
405,13/10/2020 (11:00),,0.0,11,92,177.08639,
406,13/10/2020 (10:00),,0.74215,11,92,176.25785,
407,13/10/2020 (09:00),,0.8774200000000001,11,92,176.12258,
408,13/10/2020 (08:00),,1.04651,11,92,175.95349,
409,13/10/2020 (07:00),,0.23488,11,92,176.76512,
410,13/10/2020 (06:00),,1.0803200000000002,11,92,175.91968,
411,13/10/2020 (05:00),,0.50542,11,92,176.49458,
412,13/10/2020 (04:00),,0.69142,11,92,176.30858,
413,13/10/2020 (03:00),,0.59517,12,92,176.40483,
414,13/10/2020 (01:00),,0.3919,12,92,176.6081,
415,13/10/2020 (00:00),,1.03559,12,92,175.96441000000002,
416,12/10/2020 (22:00),,0.73068,12,92,176.26932,
417,12/10/2020 (21:00),,0.29608,13,92,176.70391999999998,
418,12/10/2020 (20:00),,0.10941,13,92,176.89059,
419,12/10/2020 (19:00),,0.41486000000000006,13,92,176.58514,
420,12/10/2020 (17:00),,0.32004,14,92,176.67996000000002,
421,12/10/2020 (15:00),,0.0,14,92,177.07096,
422,12/10/2020 (14:00),,0.0,14,92,177.10496,
423,12/10/2020 (13:00),,0.5845600000000001,13,92,176.41544,
424,12/10/2020 (12:00),,0.29608,13,92,176.70391999999998,
425,12/10/2020 (11:00),,0.73068,12,92,176.26932,
426,12/10/2020 (10:00),,1.09723,11,92,175.90277,
427,12/10/2020 (09:00),,1.0296,11,92,175.9704,
428,12/10/2020 (08:00),,1.19869,11,92,175.80131,
429,12/10/2020 (04:00),,0.27333,12,92,176.72666999999998,
430,12/10/2020 (03:00),,1.03559,12,92,175.96441000000002,
431,12/10/2020 (02:00),,0.73068,12,92,176.26932,
432,12/10/2020 (01:00),,1.03559,12,92,175.96441000000002,
433,11/10/2020 (23:00),,0.73068,12,92,176.26932,
434,11/10/2020 (22:00),,0.95089,12,92,176.04911,
435,11/10/2020 (21:00),,0.42578,12,92,176.57422,
436,11/10/2020 (20:00),,0.27910999999999997,13,92,176.72089,
437,11/10/2020 (18:00),,0.25204,14,92,176.74796,
438,11/10/2020 (17:00),,0.0,15,92,177.52333000000002,
439,11/10/2020 (14:00),,0.0,14,92,182.35793,
440,11/10/2020 (13:00),,0.9578899999999999,13,92,176.04211,
441,11/10/2020 (11:00),,1.2219200000000001,12,92,175.77808000000002,
442,11/10/2020 (06:00),,1.2219200000000001,12,92,175.77808000000002,
443,11/10/2020 (05:00),,1.03559,12,92,175.96441000000002,
444,11/10/2020 (04:00),,0.92395,13,92,176.07605,
445,11/10/2020 (03:00),,0.75425,13,92,176.24575,
446,11/10/2020 (02:00),,1.24637,13,92,175.75363000000002,
447,11/10/2020 (01:00),,0.64304,14,92,176.35696000000002,
448,11/10/2020 (00:00),,1.15303,14,92,175.84697,
449,10/10/2020 (22:00),,0.12382,15,92,176.87618,
450,10/10/2020 (21:00),,0.80503,15,92,176.19496999999998,
451,10/10/2020 (20:00),,0.7709699999999999,15,92,176.22903,
452,10/10/2020 (19:00),,0.62752,16,92,176.37248,
453,10/10/2020 (16:59),,0.55303,17,92,176.44697,
454,10/10/2020 (15:59),,0.46758,17,92,176.53242,
455,10/10/2020 (15:00),,0.0,18,92,180.59547,
456,10/10/2020 (13:59),,0.0,18,92,177.66773,
457,10/10/2020 (12:59),,0.0,16,92,178.33445,
458,10/10/2020 (11:59),,0.0,15,92,178.35781,
459,10/10/2020 (10:59),,0.0,14,92,182.47693,
460,10/10/2020 (09:59),,0.0,14,92,184.17692,
461,10/10/2020 (08:59),,0.0,14,92,182.62993,
462,10/10/2020 (07:59),,0.0,13,92,181.98145,
463,10/10/2020 (06:59),,0.0,13,92,183.37296,
464,10/10/2020 (05:00),,0.0,13,92,182.98266,
465,10/10/2020 (03:59),,0.0,13,92,182.38872,
466,10/10/2020 (02:59),,0.0,13,92,182.13418000000001,
467,10/10/2020 (02:00),,0.0,14,92,183.15691999999999,
468,10/10/2020 (00:59),,0.0,14,92,183.47992,
469,10/10/2020 (00:00),,0.0,14,92,182.15393,
470,09/10/2020 (22:59),,0.0,14,92,183.19092,
471,09/10/2020 (21:59),,0.0,15,92,182.95598,
472,09/10/2020 (20:59),,0.0,16,92,182.49723999999998,
473,09/10/2020 (19:59),,0.0,16,92,179.051,
474,09/10/2020 (18:59),,0.0,17,92,178.87388,
475,09/10/2020 (17:59),,0.0,17,92,181.89898,
476,09/10/2020 (16:59),,0.0,18,92,178.30122,
477,09/10/2020 (15:59),,0.0,18,92,178.47243,
478,09/10/2020 (14:59),,0.0,18,92,178.16425,
479,09/10/2020 (13:59),,0.0,18,92,182.56441999999998,
480,09/10/2020 (12:59),,0.0,16,92,181.91718,
481,09/10/2020 (11:59),,0.0,15,92,182.6324,
482,09/10/2020 (10:59),,0.0,14,92,181.86493000000002,
483,09/10/2020 (09:59),,0.0,13,92,181.676,
484,09/10/2020 (08:59),,0.0,13,92,183.54265,
485,09/10/2020 (07:59),,0.0,12,92,184.19686000000002,
486,09/10/2020 (06:59),,0.0,11,92,181.55032,
487,09/10/2020 (05:59),,0.0,11,92,182.32813000000002,
488,09/10/2020 (04:59),,0.0,12,92,178.92877,
489,09/10/2020 (03:59),,0.0,12,92,182.19804,
490,09/10/2020 (02:59),,0.0,12,92,182.82478999999998,
491,09/10/2020 (01:59),,0.0,13,92,181.676,
492,09/10/2020 (00:59),,0.0,13,92,182.13418000000001,
493,08/10/2020 (23:59),,0.0,14,92,182.49393,
494,08/10/2020 (22:59),,0.0,14,92,182.71493,
495,08/10/2020 (21:59),,0.0,15,92,182.6324,
496,08/10/2020 (20:59),,0.0,15,92,182.32586,
497,08/10/2020 (19:59),,0.0,16,92,182.78727,
498,08/10/2020 (18:59),,0.0,17,92,182.4288,
499,08/10/2020 (17:59),,0.0,18,92,178.81486,
500,08/10/2020 (16:59),,0.0,18,92,183.76291,
501,08/10/2020 (15:59),,0.0,19,92,179.71499,
502,08/10/2020 (14:59),,0.0,18,92,177.99303,
503,08/10/2020 (13:59),,0.0,18,92,184.13958,
504,08/10/2020 (12:59),,0.00461,15,92,176.99539,
505,08/10/2020 (11:59),,0.0,15,92,177.89799,
506,08/10/2020 (10:59),,0.0,14,92,182.30693,
507,08/10/2020 (09:59),,0.0,12,92,181.46965,
508,08/10/2020 (08:59),,0.0,11,92,182.76776,
509,08/10/2020 (07:59),,0.0,12,92,183.50235,
510,08/10/2020 (06:59),,0.0,12,92,183.72256000000002,
511,08/10/2020 (05:59),,0.0,13,92,183.50871,
512,08/10/2020 (04:59),,0.0,13,92,182.21903,
513,08/10/2020 (03:59),,0.0,13,92,182.30388,
514,08/10/2020 (02:59),,0.0,13,92,181.2857,
515,08/10/2020 (01:59),,0.0,14,92,182.30693,
516,08/10/2020 (00:59),,0.0,14,92,182.49393,
517,07/10/2020 (23:59),,0.0,15,92,182.95598,
518,07/10/2020 (22:59),,0.0,15,92,183.00707,
519,07/10/2020 (21:59),,0.0,14,92,183.39491999999998,
520,07/10/2020 (20:59),,0.0,14,92,177.54696,
521,07/10/2020 (19:59),,0.0,15,92,177.06351,
522,07/10/2020 (18:59),,0.09904,14,92,176.90096,
523,07/10/2020 (17:59),,0.0,15,92,177.35302,
524,07/10/2020 (16:59),,0.0,15,92,177.21678,
525,07/10/2020 (15:59),,0.0,15,92,177.52333000000002,
526,07/10/2020 (14:59),,0.0,14,92,179.22995,
527,07/10/2020 (13:59),,0.0,14,92,177.37696,
528,07/10/2020 (12:59),,1.56879,13,92,175.43121000000002,
529,07/10/2020 (11:58),,0.5845600000000001,13,92,176.41544,
530,07/10/2020 (10:58),,0.2282,13,92,176.7718,
531,07/10/2020 (09:58),,0.26214,13,92,176.73786,
532,07/10/2020 (08:58),,0.3919,12,92,176.6081,
533,07/10/2020 (07:58),,0.26214,13,92,176.73786,
534,07/10/2020 (06:58),,0.0,14,92,177.20696,
535,07/10/2020 (05:58),,0.0,14,92,177.03696000000002,
536,07/10/2020 (04:58),,0.0,14,92,177.07096,
537,07/10/2020 (03:58),,0.0,15,92,177.25083999999998,
538,07/10/2020 (02:58),,0.28604,14,92,176.71396000000001,
539,07/10/2020 (01:58),,70.47863000000001,14,92,106.52136999999999,
540,07/10/2020 (00:58),,0.80503,15,92,176.19496999999998,
541,06/10/2020 (23:58),,0.68582,15,92,176.31418,
542,06/10/2020 (22:58),,0.94904,14,92,176.05096,
543,06/10/2020 (21:58),,0.8561200000000001,15,92,176.14388,
544,06/10/2020 (20:58),,0.49849,15,92,176.50151,
545,06/10/2020 (19:58),,0.65176,15,92,176.34824,
546,06/10/2020 (18:58),,0.51552,15,92,176.48448,
547,06/10/2020 (17:58),,0.77904,14,92,176.22096000000002,
548,06/10/2020 (16:58),,0.68582,15,92,176.31418,
549,06/10/2020 (15:58),,0.7450399999999999,14,93,176.25496,
550,06/10/2020 (13:58),,0.18394000000000002,16,93,176.81606000000002,
551,06/10/2020 (12:58),,0.17490999999999998,15,93,176.82509,
552,06/10/2020 (11:58),,0.43904,14,93,176.56096000000002,
553,06/10/2020 (10:58),,0.80516,13,93,176.19484,
554,06/10/2020 (09:58),,0.80516,13,93,176.19484,
555,06/10/2020 (08:58),,0.41486000000000006,13,93,176.58514,
556,06/10/2020 (07:58),,0.59517,12,93,176.40483,
557,06/10/2020 (06:58),,0.27333,12,93,176.72666999999998,
558,06/10/2020 (05:58),,0.73068,12,93,176.26932,
559,06/10/2020 (04:58),,0.27333,12,93,176.72666999999998,
560,06/10/2020 (03:58),,0.51048,12,93,176.48952,
561,06/10/2020 (02:58),,0.41486000000000006,13,93,176.58514,
562,06/10/2020 (01:58),,0.6090399999999999,14,93,176.39096,
563,06/10/2020 (00:58),,0.47303999999999996,14,93,176.52696,
564,05/10/2020 (23:58),,0.49004,14,93,176.50996,
565,05/10/2020 (22:58),,0.32004,14,93,176.67996000000002,
566,05/10/2020 (21:58),,0.64304,14,93,176.35696000000002,
567,05/10/2020 (20:58),,0.64304,14,93,176.35696000000002,
568,05/10/2020 (19:58),,0.08976,15,93,176.91024,
569,05/10/2020 (18:58),,0.6260399999999999,14,93,176.37396,
570,05/10/2020 (17:58),,0.64304,14,93,176.35696000000002,
571,05/10/2020 (16:58),,0.0,15,93,177.35302,
572,05/10/2020 (15:58),,0.32819,15,93,176.67181000000002,
573,05/10/2020 (14:58),,0.29413,15,93,176.70587,
574,05/10/2020 (13:58),,0.2771,15,93,176.7229,
575,05/10/2020 (12:58),,0.64304,14,93,176.35696000000002,
576,05/10/2020 (11:57),,0.00461,15,93,176.99539,
577,05/10/2020 (11:56),,0.0,15,93,177.21678,
578,05/10/2020 (11:55),,0.0,15,93,177.21678,
579,05/10/2020 (11:54),,0.0,16,93,177.5326,
580,05/10/2020 (11:53),,0.0,16,93,177.5326,
581,05/10/2020 (11:52),,0.0,16,93,177.39612,
582,05/10/2020 (11:51),,0.0,16,93,177.5326,
583,05/10/2020 (11:50),,0.0,16,93,177.39612,
584,05/10/2020 (11:49),,0.0,16,93,177.39612,
585,05/10/2020 (11:48),,0.0,17,93,178.00224,
586,05/10/2020 (11:47),,0.0,17,93,178.00224,
587,05/10/2020 (11:46),,0.0,17,93,178.01934,
